{
  "retained_principal_components": 3,
  "cumulative_variance_explained_first_3": 0.9183569323839069,
  "full_sample_metrics": [
    {
      "模型": "PCA-MLR",
      "RMSE": 2305.528181,
      "MAE": 1663.997241,
      "MAPE": 16.871172,
      "R2": 0.912625
    },
    {
      "模型": "PCA-ANN",
      "RMSE": 1372.719724,
      "MAE": 914.524973,
      "MAPE": 12.86932,
      "R2": 0.969025
    }
  ],
  "test_metrics": [
    {
      "模型": "PCA-MLR",
      "RMSE": 5702.039905,
      "MAE": 5665.919708,
      "MAPE": 23.656264,
      "R2": -7328.874188
    },
    {
      "模型": "PCA-ANN",
      "RMSE": 957.76845,
      "MAE": 955.449991,
      "MAPE": 3.989662,
      "R2": -205.803112
    }
  ],
  "test_predictions": [
    {
      "年份": 2020,
      "实际值": 23877.083333,
      "PCA-MLR预测值": 28902.212171,
      "PCA-ANN预测值": 22988.234533
    },
    {
      "年份": 2021,
      "实际值": 24010.285714,
      "PCA-MLR预测值": 30316.996292,
      "PCA-ANN预测值": 22988.234533
    }
  ]
}