模型,RMSE,MAE,MAPE,R2
PCA-MLR,5702.039904537731,5665.919707688776,23.656263587769704,-7328.874188134538
PCA-ANN,957.7684497406718,955.4499907089867,3.989662178153079,-205.8031116613127
