年份,实际值,PCA-MLR预测值,PCA-ANN预测值
2020,23877.0833333333,28902.212171108502,22988.234533100513
2021,24010.2857142857,30316.99629188805,22988.234533100513
